title,description,content,source,author,url,published_at,image_url,search_keyword,collected_at
"Russia, Ukraine trade accusations of Orthodox Easter ceasefire violations","Russia and Ukraine traded accusations over ceasefire violations during Orthodox Easter. Both sides reported numerous drone and shelling attacks. The truce, intended for Orthodox Easter, saw continued fighting. Russia called it a humanitarian gesture, while Uk…","Moscow: Russia and Ukraine accused each other L1N40U064 on Sunday of breaching the 32-hour ceasefire L1N40S124 in their four-year war, reporting more than a thousand drone and shelling attacks just h… [+2771 chars]",The Times of India,Reuters,https://economictimes.indiatimes.com/news/international/world-news/russia-ukraine-trade-accusations-of-orthodox-easter-ceasefire-violations/articleshow/130223360.cms,2026-04-13T02:37:16Z,"https://img.etimg.com/thumb/msid-130223380,width-1200,height-630,imgsize-408622,overlay-economictimes/articleshow.jpg",Ukraine war,2026-04-14T08:34:54.800773
"Bitcoin dips to $70.6K, oil rises after US announces Hormuz blockade","Bitcoin retraced below $71,000 after failed peace talks between the US and Iran led the Trump administration to block the Strait of Hormuz, sending oil prices up nearly 10%.","Bitcoin fell as low as $70,623 on Sunday after the US announced a blockade of the Strait of Hormuz following failed peace talks with Iran.
The price of Bitcoin (BTC) initially fell 1.9% to $71,686 a… [+1819 chars]",Cointelegraph,Cointelegraph by Brayden Lindrea,https://cointelegraph.com/news/bitcoin-falls-oil-rises-us-to-block-strait-of-hormuz,2026-04-13T01:48:59Z,"https://images.cointelegraph.com/cdn-cgi/image/f=auto,onerror=redirect,w=1200/https://s3.cointelegraph.com/uploads/2026-03/019cdd64-1d48-7dc0-86af-fe4bdda10305.jpg",Ukraine war,2026-04-14T08:34:54.800787
"Russia Blasts Through Ukraine Cease-Fire, as Trump-Backed Talks Drift - WSJ","Russia Blasts Through Ukraine Cease-Fire, as Trump-Backed Talks DriftWSJ Ukraine war briefing: Easter truce expires as both sides accuse the other of violationsThe Guardian Russian Offensive Campaign Assessment, April 11, 2026Institute for the Study of War Uk…",The Fine Print: The following comments are owned by whoever posted them. We are not responsible for them in any way.,Slashdot.org,feedfeeder,https://slashdot.org/firehose.pl?op=view&amp;id=181658096,2026-04-13T01:12:48Z,,Ukraine war,2026-04-14T08:34:54.800791
India ramps up Russian oil imports as sanctions threat begins to fade,Indian refiners are boosting Russian crude oil imports. This surge is driven by supply disruptions in the Middle East and a reduced threat of US sanctions. Executives expect these high purchase levels to continue for the remainder of the year. India is priori…,"Indian refiners have splurged on Russian crude in the last two months and expect to continue buying at current lofty levels for the rest of the year, as the country navigates a Middle East supply cru… [+3169 chars]",The Times of India,Bloomberg,https://economictimes.indiatimes.com/wealth/invest/india-ramps-up-russian-oil-imports-as-sanctions-threat-begins-to-fade/articleshow/130173899.cms,2026-04-13T01:00:00Z,"https://img.etimg.com/thumb/width-1200,height-900,imgsize-45014,resizemode-75,msid-130173899/wealth/invest/india-ramps-up-russian-oil-imports-as-sanctions-threat-begins-to-fade.jpg",Ukraine war,2026-04-14T08:34:54.800793
Hungarian PM Viktor Orban ejected after 16 years in a European electoral earthquake,"Hungarian voters ousted long-serving Prime Minister Viktor Orban, ending his 16-year authoritarian rule in a stunning election result. Pro-European challenger Peter Magyar, who campaigned against corruption, has pledged to rebuild ties with the EU and NATO, t…","Hungarian voters on Sunday ousted long-serving Prime Minister Viktor Orban after 16 years in power, rejecting the authoritarian policies and global far-right movement that he embodied in favor of a p… [+6336 chars]",The Times of India,AP,https://economictimes.indiatimes.com/news/international/global-trends/hungarian-pm-viktor-orban-is-ejected-after-16-years-in-a-european-electoral-earthquake/articleshow/130222497.cms,2026-04-13T00:37:27Z,"https://img.etimg.com/thumb/msid-130222500,width-1200,height-630,imgsize-201980,overlay-economictimes/articleshow.jpg",Ukraine war,2026-04-14T08:34:54.800795
Illiberalism Is Not Inevitable,"If Viktor Orbán can lose, then his Russian and American admirers can lose too.","In the end, the defeat of Viktor Orbán, Hungary’s autocratic prime minister, required not just an ordinary election campaign or new messaging but rather the construction of a broad, diverse, and patr… [+6647 chars]",The Atlantic,Anne Applebaum,https://www.theatlantic.com/ideas/2026/04/illiberalism-not-inevitable/686778/,2026-04-13T00:24:27Z,https://cdn.theatlantic.com/thumbor/LV5vsSx39DX6twqrb1RDwYk9f2g=/0x43:2000x1085/1200x625/media/img/mt/2026/04/2026_04_12_hungarian_election/original.jpg,Ukraine war,2026-04-14T08:34:54.800798
"When crisis hits, billionaires don’t exit—they find new asset classes. Like, art.","Cyrus Poonawalla’s record-breaking purchase of a Raja Ravi Varma masterpiece highlights the resilience of India’s secondary art market, which continues to grow despite global geopolitical uncertainty. High-net-worth collectors increasingly view blue-chip art …","The auction of the late-19th-century oil painting demolished the previous record set by MF Husains Untitled (Gram Yatra) last year, when it was sold to philanthropist Kiran Nadar for about 118 crore.… [+4582 chars]",Livemint,"Varuni Khosla, Sneha Shantikumar Shah, Devina Sengupta",https://www.livemint.com/industry/indian-art-market-thrives-record-sales-global-chaos-investment-asset-11775975878156.html,2026-04-13T00:15:54Z,https://www.livemint.com/lm-img/img/2026/04/12/1600x900/logo/PTI04-02-2026-000111B-0_1776005122827_1776005184946.jpg,Ukraine war,2026-04-14T08:34:54.800800
"Airpower, Attrition, and Great-Power Competition",Operation Epic Fury—the joint US–Israel military campaign launched against Iran following the death of Supreme Leader Ali Khamenei and numerous other senior political and military leaders—represents a critical test of prevailing intimidation strategies by gre…,Operation Epic Furythe joint USIsrael military campaign launched against Iran following the death of Supreme Leader Ali Khamenei and numerous other senior political and military leadersrepresents a c… [+10068 chars],Khabarhub.com,Binoj Basnyat,https://english.khabarhub.com/2026/13/543788/,2026-04-13T00:05:26Z,https://english.khabarhub.com/wp-content/uploads/2026/04/Khabar-Hub-Article_Binoj-Basnyat_1200px-630X-px-Final_2026.04.12-Upload.jpg,Ukraine war,2026-04-14T08:34:54.800802
Voters turn out massively to oust Hungarian Prime Minister Viktor Orbán who was endorsed by Trump,"'Remember this, he didn't allow people to storm your country and invade your country like other people have'","Hungarian Prime Minister Viktor Orbán greets Vice President JD Vance and members of the U.S. delegation in the West Wing Lobby of the White House, Friday, Nov. 7, 2025, before a meeting with Presiden… [+7350 chars]",Wnd.com,Daily Caller News Foundation,https://www.wnd.com/2026/04/voters-turn-massively-oust-hungarian-prime-minister-viktor/,2026-04-12T23:54:05Z,https://www.wnd.com/wp-content/uploads/2026/03/viktor-orban-hungary-donald-trump-pete-hegseth-marco-rubio-jd-vance-laughing.jpg,Ukraine war,2026-04-14T08:34:54.800805
Britain Faces Another Lost Year for Living Standards Due to Iran War,"A typical UK household will be left nearly £500 ($672) worse off by surging energy prices, a setback for Prime Minister Keir Starmer’s pledge to boost living standards.","(Bloomberg) A typical UK household will be left nearly £500 ($672) worse off by surging energy prices, a setback for Prime Minister Keir Starmers pledge to boost living standards.
THIS CONTENT IS RE… [+4726 chars]",Financial Post,Bloomberg News,https://financialpost.com/pmn/business-pmn/britain-faces-another-lost-year-for-living-standards-due-to-iran-war,2026-04-12T23:21:22Z,https://smartcdn.gprod.postmedia.digital/financialpost/wp-content/uploads/2026/04/iran-war-could-derail-recovery-in-uk-living-standards.jpg,Ukraine war,2026-04-14T08:34:54.800807
"Who is Péter Magyar, the candidate who defeated veteran Hungarian Prime Minister Orbán? | CNN","When Péter Magyar was growing up during Hungary’s democratic transition, he had a poster of Viktor Orbán pinned to his bedroom wall. At the time, Orbán was a liberal anti-communist who had famously demanded the withdrawal of Soviet troops from Hungary.","When Péter Magyar was growing up during Hungarys democratic transition, he had a poster of Viktor Orbán pinned to his bedroom wall. At the time, Orbán was a liberal anti-communist who had famously de… [+7283 chars]",CNN,Christian Edwards,https://www.cnn.com/2026/04/12/europe/hungary-peter-magyar-profile-latam-intl,2026-04-12T23:07:26Z,"https://media.cnn.com/api/v1/images/stellar/prod/2026-04-12t210018z-1737011625-rc2wnkadqbgc-rtrmadp-3-hungary-election.jpg?c=16x9&q=w_800,c_fill",Ukraine war,2026-04-14T08:34:54.800809
The government's half-hearted mantra during the fuel crisis did not wash with the public,The government says it’s been doing what it can about the cost of living – but the public clearly doesn’t agree.,"THE LAST FEW days have been a flashpoint for people who have been put under extraordinary pressure by the successive crises of recent years. 
This was one reflection from Taoiseach Micheál Martin du… [+5301 chars]",TheJournal.ie,Christina Finn,https://www.thejournal.ie/government-no-confidence-motion-7010765-Apr2026/,2026-04-12T22:00:50Z,https://img2.thejournal.ie/article/7010765/river/?height=400&version=7010912,Ukraine war,2026-04-14T08:34:54.800811
The underground 3D printing farms arming Ukraine's soldiers,"In spare rooms and backyard sheds, volunteers across Europe are 3D printing drone bomb parts to supply Ukraine's military.","In an undisclosed garage in the Warsaw suburbs, Alex is running a round-the-clock operation in Poland's capital. 
Day and night, seven days a week, he's got three 3D printers on the go.
Layer by la… [+6385 chars]",ABC News (AU),Kathryn Diss,https://www.abc.net.au/news/2026-04-13/backyard-3d-printed-bomb-parts-helping-ukraine-war-effort/106529090,2026-04-12T21:52:22Z,https://live-production.wcms.abc-cdn.net.au/1958565427535409a2eaf99218ff9c08?impolicy=wcms_watermark_news&cropH=720&cropW=1280&xPos=0&yPos=0&width=862&height=485&imformat=generic,Ukraine war,2026-04-14T08:34:54.800813
"Easter truce between Ukraine, Russia ends","The Orthodox Easter truce between Ukraine and Russia has expired, with both sides accusing each other of thousands of violations during the 32-hour ceasefi

Read More: https://punchng.com/easter-truce-between-ukraine-russia-ends/","A truce between Russia and Ukraine to mark the Orthodox Easter formally expired Monday, both sides having accused each other of thousands of violations, despite a lull in Russian air raids.
The truc… [+4405 chars]",The Punch,Punch Newspapers,https://punchng.com/easter-truce-between-ukraine-russia-ends/,2026-04-12T21:50:47Z,https://cdn.punchng.com/wp-content/uploads/2025/12/24104612/AFP__20251224__88YC2WG__v3__Mockup__TopshotUkraineRussiaConflictWar-1200x630.jpg,Ukraine war,2026-04-14T08:34:54.800816
"Amid the Iran war, Ukraine makes gains against the Kremlin","With attention focused on Iran, Ukraine has made economic, battlefield and diplomatic gains against the Kremlin.","With attention focused on Iran, Ukraine has made economic, battlefield and diplomatic gains against the Kremlin.",NPR,Eleanor Beardsley,https://www.npr.org/2026/04/12/nx-s1-5779257/amid-the-iran-war-ukraine-makes-gains-against-the-kremlin,2026-04-12T21:37:20Z,https://media.npr.org/include/images/facebook-default-wide-s1400-c85.jpg,Ukraine war,2026-04-14T08:34:54.800818
"Russia, Ukraine trade accusations of Orthodox Easter ceasefire violations","Russia and Ukraine accused each other on Sunday of breaching the 32-hour ceasefire in their four-year war, reporting more ‌than a thousand drone and shelling attacks just hours after the truce began on Saturday to mark Orthodox Easter. The Russian defense min…","Russia and Ukraine accused each other on Sunday of breaching the 32-hour ceasefire in their four-year war, reporting more than a thousand drone and shelling attacks just hours after the truce began o… [+2407 chars]",Japan Today,,https://japantoday.com/category/world/russia-ukraine-trade-accusations-of-orthodox-easter-ceasefire-violations3,2026-04-12T21:21:38Z,,Ukraine war,2026-04-14T08:34:54.800820
Hungarian Prime Minister Orban concedes defeat after 16 years in power,"Hungarian voters on Sunday ousted long-serving Prime Minister Viktor Orban after 16 years in power, rejecting the authoritarian policies and global far-right movement that he embodied in favor of a pro-European challenger in a bombshell election result with g…","Hungarian voters on Sunday ousted long-serving Prime Minister Viktor Orban after 16 years in power, rejecting the authoritarian policies and global far-right movement that he embodied in favor of a p… [+6159 chars]",Japan Today,,https://japantoday.com/category/world/polls-open-in-hungary-in-a-key-election-that-could-unseat-populist-prime-minister-orban,2026-04-12T21:19:43Z,,Ukraine war,2026-04-14T08:34:54.800822
"Hungarian voters oust Viktor Orbán, a close ally of Trump and Putin, despite late campaign push from JD Vance",Péter Magyar has pledged to rebuild Hungary's relationships with the European Union and NATO.,"Hungarian voters on Sunday ousted long-serving Prime Minister Viktor Orbán after 16 years in power, rejecting the authoritarian policies and global far-right movement that he embodied in favor of a p… [+5828 chars]",Fortune,"Justin Spike, Sam McNeil, The Associated Press",https://fortune.com/2026/04/12/hungary-election-loser-viktor-orban-ally-trump-putin-campaign-push-jd-vance/,2026-04-12T21:05:10Z,"https://fortune.com/img-assets/wp-content/uploads/2026/04/GettyImages-2270600400-e1776027489538.jpg?resize=1200,600",Ukraine war,2026-04-14T08:34:54.800825
"Trump, Putin Ally Orbán Ousted in Hungary","""Orbán...has been described by the pro-EU press as Russian President Vladimir Putin’s closest ally inside the European Union.""
The post Trump, Putin Ally Orbán Ousted in Hungary first appeared on Le·gal In·sur·rec·tion.","Hungarian Prime Minister Viktor Orbán, a close ally of Vladimir Putin and backed by Donald Trump, has conceded defeat to opposition challenger Péter Magyar after early returns showed his party traili… [+1916 chars]",Legalinsurrection.com,Ben Smith,https://legalinsurrection.com/2026/04/trump-putin-ally-orban-ousted-in-hungary/,2026-04-12T21:00:54Z,https://legalinsurrection.com/wp-content/uploads/2026/04/Orban-and-Vance.png,Ukraine war,2026-04-14T08:34:54.800827
Hungary’s Orban concedes defeat after 16 years in power,"Hungary’s long-serving nationalist leader Viktor Orban concedes defeat to conservative Peter Magyar in a landmark parliamentary election after 16 years in

Read More: https://punchng.com/hungarys-orban-concedes-defeat-after-16-years-in-power/","Nationalist Viktor Orban, who has ruled Hungary for 16 years, on Sunday conceded defeat to conservative Peter Magyar in parliamentary elections.
With votes in almost 67 per cent of precincts counted… [+3413 chars]",The Punch,Punch Newspapers,https://punchng.com/hungarys-orban-concedes-defeat-after-16-years-in-power/,2026-04-12T20:51:18Z,https://cdn.punchng.com/wp-content/uploads/2026/04/12214206/AFP__20260412__A7JZ43V__v1__MidRes__HungaryPoliticsVote-1200x630.jpg,Ukraine war,2026-04-14T08:34:54.800830
Spanish official rebuked following Netanyahu effigy display,"Director General of the Foreign Ministry clarifies to Madrid’s representative that the burning of a Netanyahu effigy in Spain is a “direct result of systematic incitement"" by Prime Minister Sanchez’s government.","At the directive of Foreign Minister Gideon Saar, the Director General of the Foreign Ministry, Eden Bar Tal, held a reprimand call on Sunday with the head of the Spanish Embassy in Israel, Francisca… [+2436 chars]",Israelnationalnews.com,Nitsan Keidar,https://www.israelnationalnews.com/news/425389,2026-04-13T02:11:38Z,https://2.a7.org/files/pictures/000/1214798.jpg,Gaza conflict,2026-04-14T08:34:55.125495
How I harness research to inform humanitarian relief efforts,"As a social scientist at Médecins Sans Frontières, Beverley Stringer researches the many non-medical factors that affect health during emergencies.","A Médecins Sans Frontières treatment centre in Monrovia, Liberia, in 2014 during the Ebola outbreak.Credit: Pascal Guyot/AFP via Getty
With degrees in nursing, public policy and social anthropology,… [+5252 chars]",Nature.com,Christine Ro,https://www.nature.com/articles/d41586-026-00197-5,2026-04-13T00:00:00Z,https://media.nature.com/lw1200/magazine-assets/d41586-026-00197-5/d41586-026-00197-5_52258078.jpg,Gaza conflict,2026-04-14T08:34:55.125504
Health-care workers risk their lives in warzones. Are we protecting them enough?,Humanitarian personnel put themselves in harm’s way to help others. An international law expert explains how we can keep them safe.,"Warzones are full of danger.

But that’s never stopped humanitarian workers from living and working in such places, with the aim of keeping civilians safe.

Humanitarian workers are deployed to locat… [+5411 chars]",The Conversation Africa,"Melanie O'Brien, Professor of International Law, The University of Western Australia",https://theconversation.com/health-care-workers-risk-their-lives-in-warzones-are-we-protecting-them-enough-280256,2026-04-12T19:14:02Z,https://images.theconversation.com/files/729156/original/file-20260410-57-g8311f.jpg?ixlib=rb-4.1.0&rect=0%2C403%2C6048%2C3024&q=45&auto=format&w=1356&h=668&fit=crop,Gaza conflict,2026-04-14T08:34:55.125506
"Full transcript of ""Face the Nation with Margaret Brennan,"" April 12, 2026","On this ""Face the Nation with Margaret Brennan"" broadcast, Israeli Ambassador to the U.S. Michael Leiter and Democratic Sen. Mark Warner of Virginia join Margaret Brennan.","On this ""Face the Nation with Margaret Brennan"" broadcast, moderated by Margaret Brennan: 
<ul><li>Israeli Ambassador to the U.S. Michael Leiter</li><li>Democratic Sen. Mark Warner of Virginia</li><… [+50659 chars]",CBS News,,https://www.cbsnews.com/news/face-the-nation-full-transcript-04-12-2026/,2026-04-12T18:22:10Z,https://assets3.cbsnewsstatic.com/hub/i/r/2026/04/12/51a5d9f4-19d0-4e01-9f90-4dce3a070951/thumbnail/1200x630/49f7d2c04d845d872d13493257298b54/20260412-ftn-segment-1-cam-7-frame-0.jpg,Gaza conflict,2026-04-14T08:34:55.125508
Row over protest at Buchenwald memorial event highlights rising sense of danger in Germany,Crowd warned of growing threats to democracy,"At Buchenwald concentration camp memorial on Sunday, a ceremony to remember Germanys burdened past knocked out a long-planned protest over the countrys contested present.
For weeks, German-based Pal… [+5268 chars]",The Irish Times,,https://www.irishtimes.com/world/europe/2026/04/12/row-over-protest-at-buchenwald-memorial-event-highlights-rising-sense-of-danger-in-germany/,2026-04-12T17:39:44Z,https://www.irishtimes.com/resizer/v2/73OAFC6N5AZECXUY6ZYCX4Y6MA.jpg?smart=true&auth=6de265f4a937ce014a7c1b4cc157937ea7629fbc220b20dc54dcf19a7d97a899&width=1200&height=630,Gaza conflict,2026-04-14T08:34:55.125509
weeklyOSM: weeklyOSM 820,02/04/2026-08/04/2026 [1] An assessment of neighbourhoods using OpenStreetMap data | © L_J_R | map data © by OpenStreetMap Contributors. Mapping Comments on the following proposal have been request…,"02/04/2026-08/04/2026




[1] An assessment of neighbourhoods using OpenStreetMap data | © L_J_R | map data © by OpenStreetMap Contributors.


Mapping
<ul>
<li>Comments on the following proposal ha… [+19670 chars]",Weeklyosm.eu,weeklyOSM,https://weeklyosm.eu/archives/18506,2026-04-12T11:53:19Z,https://weeklyosm.eu/wp-content/uploads/2026/04/WN820_London.png,Gaza conflict,2026-04-14T08:34:55.125511
Guns over people: Rising military spending is eroding quality of life around the world,"When countries expand their military budgets or enter into conflict, the costs go far beyond equipment and munitions.","As Canada celebrates meeting the North Atlantic Treaty Organization (NATO) target of spending two per cent of GDP on defence, its important to remember this spending isnt counted within the concept o… [+7756 chars]",The Conversation Africa,"Ruolz Ariste, Adjunct Professor, School of Public Policy and Administration, Carleton University",https://theconversation.com/guns-over-people-rising-military-spending-is-eroding-quality-of-life-around-the-world-279601,2026-04-12T11:45:58Z,https://images.theconversation.com/files/728477/original/file-20260407-57-t80jnk.jpg?ixlib=rb-4.1.0&rect=0%2C81%2C6000%2C3000&q=45&auto=format&w=1356&h=668&fit=crop,Gaza conflict,2026-04-14T08:34:55.125513
The chronicle of a failure foretold: Why Iran-US peace talks were unlikely to succeed even before they began,Perhaps the only good thing to come out of the talks is the climb-down of both parties from a tone that evoked open hostility to one that is merely accusatory,"The Islamabad talks between Iran and the United States had all the ingredients of a deal doomed from the start, yet there was hope that the two sides would be able to arrive at a modus vivendi to sto… [+4345 chars]",The Indian Express,Vivek Mishra,https://indianexpress.com/article/opinion/columns/the-chronicle-of-a-failure-foretold-why-iran-us-peace-talks-were-unlikely-to-succeed-even-before-they-began-10632709/,2026-04-12T11:38:39Z,https://images.indianexpress.com/2026/04/islamabad-talks.jpg,Gaza conflict,2026-04-14T08:34:55.125515
Over 500 Arrested at London Palestine Action Rally: Protesters Accuse UK of Gaza Genocide Complicity,"LONDON — More than 500 people were arrested Saturday during a peaceful sit-down demonstration in Trafalgar Square against the British government's ban on the direct-action group Palestine Action, as organizers accused officials of complicity in what they call…","LONDON — More than 500 people were arrested Saturday during a peaceful sit-down demonstration in Trafalgar Square against the British government's ban on the direct-action group Palestine Action, as … [+7600 chars]",Ibtimes.com.au,Tony Jackson,https://www.ibtimes.com.au/over-500-arrested-london-palestine-action-rally-protesters-accuse-uk-gaza-genocide-complicity-1866235,2026-04-12T10:10:35Z,https://d.ibtimes.com.au/en/full/1891567/london-united-kingdom.jpg,Gaza conflict,2026-04-14T08:34:55.125521
DOGE Cuts Left U.S. Unable to Help Americans Stranded in Iran War Zone,"Foreign service officers fired in Elon Musk’s workforce purge warn the State Department is unable to help Americans stranded in the Middle East.
The post DOGE Cuts Left U.S. Unable to Help Americans Stranded in Iran War Zone appeared first on The Intercept.","When the U.S. and Israel launched their war on Iran, it put as many as 1 million Americans living in the Middle East at risk. Many found themselves stranded in an expanding war zone by a government w… [+11142 chars]",The Intercept,Nick Turse,https://theintercept.com/2026/04/12/americans-stranded-middle-east-iran-war-doge-cuts/,2026-04-12T09:43:00Z,https://theintercept.com/wp-content/uploads/2026/04/GettyImages-2266368284-e1775854961410.jpg?fit=6000%2C3000&w=1200&h=800,Gaza conflict,2026-04-14T08:34:55.125522
Fierce clash between Netanyahu and Erdogan over the US–Iran ceasefire,"Mutual accusations of “genocide,” “antisemitism,” and regional destabilization - New tensions between Israel and Turkey
The post Fierce clash between Netanyahu and Erdogan over the US–Iran ceasefire appeared first on ProtoThema English.","Israeli Prime Minister Benjamin Netanyahu sharply criticized Turkish President Recep Tayyip Erdogan on Saturday, following the latters recent statements regarding the USIran ceasefire, as the Turkish… [+2580 chars]",Protothema.gr,Newsroom,https://en.protothema.gr/2026/04/12/fierce-clash-between-netanyahu-and-erdogan-over-the-us-iran-ceasefire/,2026-04-12T08:50:00Z,https://en.protothema.gr/wp-content/uploads/2026/04/netanyahu-erdogan.webp,Gaza conflict,2026-04-14T08:34:55.125523
"Activist Criticizes U.S. Religious Policy Alignment, Cites Gaza Conflict","Introduction An activist has publicly accused the United States of weaponizing Christian theology to provide diplomatic cover for Israel’s military actions, including its campaign in Gaza. The critique was leveled by Irish activist and satirist Tadhg Hickey d…","Introduction
An activist has publicly accused the United States of weaponizing Christian theology to provide diplomatic cover for Israel's military actions, including its campaign in Gaza. The criti… [+7126 chars]",Naturalnews.com,Garrison Vance,https://www.naturalnews.com/2026-04-12-tadhg-hickey-criticizes-us-religious-policy-alignment.html,2026-04-12T06:00:00Z,https://www.naturalnews.com/wp-content/uploads/sites/91/2026/04/us-religious-policy-gaza-conflict-israel-us-relations-875-original.jpg,Gaza conflict,2026-04-14T08:34:55.125525
Letters: Imagine if we did negotiation as well as we do escalation,"Madam — Last week, we again watched a situation in this country drift into crisis before any meaningful engagement took place. That is not simply unfortunate — it points to a recurring failure in how the State handles pressure and conflict.","Madam Last week, we again watched a situation in this country drift into crisis before any meaningful engagement took place. That is not simply unfortunate it points to a recurring failure in how the… [+12402 chars]",Independent.ie,Letters to the editor,https://www.independent.ie/opinion/letters/letters-imagine-if-we-did-negotiation-as-well-as-we-do-escalation/a1998576236.html,2026-04-12T04:30:00Z,https://focus.independent.ie/thumbor/JoiW1uki3fv_UZZ-UfDKbjDGrBU=/629x460/smart/prod-mh-ireland/69ee7af0-69cb-458a-b040-d01a012b6990/56f9c541-e8ad-4d89-ace6-fb9f35ac469e/II%20TG%20M9%20PROTEST%206.jpg,Gaza conflict,2026-04-14T08:34:55.125526
Israel slams Spanish government after giant Netanyahu effigy blown up,Israel issues diplomatic reprimand to Spain's top diplomat after a giant effigy of Prime Minister Benjamin Netanyahu packed with gunpowder detonated in a Spanish town.,"Israel has issued a diplomatic reprimand to Spain's most senior diplomat in Tel Aviv following the detonation of a giant effigy of Prime Minister Benjamin Netanyahu in a Spanish town this week.
The … [+2094 chars]",Israelnationalnews.com,Israel National News,https://www.israelnationalnews.com/news/425337,2026-04-12T03:17:00Z,https://2.a7.org/files/pictures/000/1214798.jpg,Gaza conflict,2026-04-14T08:34:55.125528
‘Campaign not over’: Benjamin Netanyahu details Israel’s action against Iran in address,"The remarks came as US and Iranian negotiators met in Islamabad to explore a possible ceasefire, with no breakthrough reported so far.","Israeli Prime Minister Benjamin Netanyahu said Saturday night local time that the operation against Iran is ongoing, declaring in a recorded video statement that while Israel has made major achieveme… [+2559 chars]",The Indian Express,Express Global Desk,https://indianexpress.com/article/world/benjamin-netanyahu-details-israels-action-against-iran-in-address-10631855/,2026-04-12T00:48:45Z,https://images.indianexpress.com/2026/04/US-1-9.jpg,Gaza conflict,2026-04-14T08:34:55.125529
'Can’t send the two real estate developers': Top Dem slams Trump's Iran negotiators,"Sen. Mark Kelly (D-AZ) spoke out on Saturday against special envoy Steve Witkoff and President Donald Trump's son-in-law Jared Kushner taking part in Middle East diplomatic efforts amid the ongoing Iran war, The Hill reported. Witkoff and Kushner were among d…",Sen. Mark Kelly (D-AZ) spoke out on Saturday against special envoy Steve Witkoff and President Donald Trump's son-in-law Jared Kushner taking part in Middle East diplomatic efforts amid the ongoing I… [+1748 chars],Raw Story,Nicole Charky-Chami,https://www.rawstory.com/mark-kelly-donald-trump-iran/,2026-04-11T19:20:49Z,https://www.rawstory.com/media-library/senator-mark-kelly-speaks-during-the-national-action-network-nan-national-convention-in-new-york-city-on-april-11-2026-reut.jpg?id=65509991&width=1200&height=600&coordinates=0%2C167%2C0%2C167,Gaza conflict,2026-04-14T08:34:55.125531
"South Sudan: Both Sides Blocking Aid, Displacing Civilians","Click to expand Image
 



 
 
 

 
 
 
 
 Families gather under a tree at an informal site where displaced people, many from neighboring Jongeli state, have assembled without assistance or shelter at Yolakot informal camp near Mingkaman, Lakes state on Febru…","(Nairobi)  South Sudans military and opposition forces are blocking humanitarian access and unjustifiably ordering civilians to evacuate populated areas, Human Rights Watch said today. Since late 202… [+7887 chars]",Human Rights Watch,Human Rights Watch,https://www.hrw.org/news/2026/04/12/south-sudan-both-sides-blocking-aid-displacing-civilians,2026-04-13T02:00:00Z,https://www.hrw.org/sites/default/files/styles/opengraph/public/media_2026/04/202604africa_southsudan_.jpg.jpg?h=e6ced4b1&itok=s2ML_LrO,Sudan war,2026-04-14T08:34:55.465992
Pope Leo XIV: Eucharist is 'indispensable for Christian life',"""It is through the Eucharist that even our hands become ‘hands of the Risen One',"" the pope said.","The Sunday Eucharist is indispensable for Christian life, said Pope Leo XIV before reciting the Marian prayer of the Regina Caeli on April 12 in St. Peters Square. 
Speaking to crowds gathered in th… [+3387 chars]",Ewtnnews.com,Angela Ambrogetti,https://www.ewtnnews.com/vatican/pope-leo-xiv-eucharist-is-indispensable-for-christian-life,2026-04-12T16:29:53Z,https://res.cloudinary.com/ewtn/image/upload/v1776010879/ewtn-news/en/spw010enq9nadema7v5a.jpg,Sudan war,2026-04-14T08:34:55.466018
"Pope Leo XIV urges ceasefire, protection of civilians in war zones","On Divine Mercy Sunday, the pope prayed for Ukraine, Lebanon, and Sudan.","VATICAN CITY Pope Leo XIV on Sunday renewed appeals for peace in Ukraine, Lebanon, and Sudan, calling on the international community not to look away from the suffering caused by war and insisting th… [+3197 chars]",Ewtnnews.com,ACI Stampa,https://www.ewtnnews.com/vatican/pope-leo-xiv-urges-ceasefire-protection-of-civilians-in-war-zones,2026-04-12T10:45:59Z,https://res.cloudinary.com/ewtn/image/upload/v1767020680/images/mat5054.jpg,Sudan war,2026-04-14T08:34:55.466020
‘It Is Time For Peace!’: Pope Leo XIV Leads Impassioned Pleas For End To Armed Conflicts Across World,"'Prayer is not a refuge in which to hide from our responsibilities, nor an anesthetic to numb the pain provoked by so much injustice'","Alarmed by the escalation of armed conflicts in the Middle East, Pope Leo XIV led a Saturday prayer vigil for peace in Vatican City, urging all to “return home having made a commitment to pray withou… [+10084 chars]",The Daily Caller,Thomas Wong,https://dailycaller.com/2026/04/11/catholic-pope-leo-xiv-prayer-vigil-peace-saint-peters-basilica-iran-war/,2026-04-11T20:05:11Z,"https://images.dailycaller.com/image/width=1280,height=549,fit=cover,format=webp,f=auto/https://cdn01.dailycaller.com/wp-content/uploads/2026/04/Screenshot_20260411_132214_YouTube-e1775929359419.jpg",Sudan war,2026-04-14T08:34:55.466022
A Widening Gulf,"“It would be a mistake to treat the Gulf as politically homogeneous. The war has clearly shown the weight of Saudi Arabia and the UAE, but it has not eliminated the different calculations of other Gulf states.”","The United Arab Emirates has invested a lot of money in its appearance: its skyscrapers, which include the tallest in the world; its luxury hotels; its partnerships with prestigious Western universit… [+13216 chars]",The New York Review of Books,"Adam Hanieh, Nawal Arjini",https://www.nybooks.com/online/2026/04/11/a-widening-gulf-adam-hanieh/,2026-04-11T14:30:00Z,https://www.nybooks.com/wp-content/uploads/2026/04/Hanieh_041126-900.jpg,Sudan war,2026-04-14T08:34:55.466024
Latvia's first 100 days on the UN Security Council: keeping Russia's war in Ukraine high on the international agenda,"Friday, 10 April 2026, marks 100 days since Latvia began its work on the UN Security Council (UNSC). As a full member of the UNSC, Latvia participates in all regular meetings, decision-making processes, and the formulation of the Council's positions, addressi…","Republic of Latvia - Ministry of Foreign Affairs
Published: 11.04.2026.
Friday, 10 April 2026, marks 100 days since Latvia began its work on the UN Security Council (UNSC). As a full member of the … [+15166 chars]",Globalsecurity.org,John Pike,https://www.globalsecurity.org/wmd/library/news/ukraine/2026/04/ukraine-260411-latvia-mfa01.htm,2026-04-11T12:00:00Z,,Sudan war,2026-04-14T08:34:55.466026
Abu Dhabi’s Kill List: Inside the Israel–UAE Mercenary Death Squads from Yemen to Serbia,Freddie Ponton21st Century Wire A Gulf monarchy hired an Israeli‑Hungarian mercenary and a team of American special forces veterans to run a black‑budget assassination program against a civilian political party in Yemen. It did this while posing in Washington…,"Freddie Ponton21st Century Wire
A Gulf monarchy hired an IsraeliHungarian mercenary and a team of American special forces veterans to run a blackbudget assassination program against a civilian polit… [+22516 chars]",Activistpost.com,Editor,https://www.activistpost.com/abu-dhabis-kill-list-inside-the-israel-uae-mercenary-death-squads-from-yemen-to-serbia/,2026-04-11T02:00:00Z,https://www.activistpost.com/wp-content/uploads/2026/04/Golan.jpg,Sudan war,2026-04-14T08:34:55.466028
Winners of the 2026 World Press Photo Contest Present an Urgent Visual Record of Global Upheaval,"Winners of the 2026 World Press Photo Contest Present an Urgent Visual Record of Global Upheaval
Photojournalists bear an outstanding, if not essential, duty: to document the world with clarity, accuracy, and, perhaps above all else, humanity. That ethos sits…","Ethan Swope, “Los Angeles on Fire,” for the Associated Press. The Palisades Fire ravages a neighborhood amid high winds. The Los Angeles blazes inflicted between $28 and $53.8 billion in property dam… [+11574 chars]",My Modern Met,Eva Baron,https://mymodernmet.com/world-press-photo-contest-photojournalism-winners/,2026-04-10T20:15:45Z,https://mymodernmet.com/wp/wp-content/uploads/2026/04/world-press-photo-contest-photojournalism-winners-FB.jpg,Sudan war,2026-04-14T08:34:55.466030
My baby deer plushie told me that Mitski’s dad was a CIA operative,"Two weeks ago, I was getting ready to log off work when I got a text message. ""Oh wow, I was checking out Mitski. did you know people are saying her Dad was a CIA operative?"" Normally, that kind of out-of-the-blue text from a friend wouldn't faze me. This tim…","<ul><li></li><li></li><li></li></ul>
Fawn Friends is a befuddling mix of AI companionship, fantasy lore, and social robots. AI Burt Reynolds is also involved.
by
Victoria SongClose
Senior Reviewe… [+15592 chars]",The Verge,Victoria Song,https://www.theverge.com/ai-artificial-intelligence/910008/fawn-friends-ai-companion,2026-04-10T18:51:06Z,https://platform.theverge.com/wp-content/uploads/sites/2/2026/04/268430_AI_deer_plushie_AKrales_0012.jpg?quality=90&strip=all&crop=0%2C10.732984293194%2C100%2C78.534031413613&w=1200,Sudan war,2026-04-14T08:34:55.466032
The Emirates on the Tightrope,"On Sunday, March 22, the United Arab Emirates’ foreign minister, Abdullah bin Zayed al Nahyan, maternal brother of UAE President Mohamed bin Zayed al Nahyan, put on a brave face. The evening prior, President Donald Trump declared that if the Strait of Hormuz …","On Sunday, March 22, the United Arab Emirates’ foreign minister, Abdullah bin Zayed al Nahyan, maternal brother of UAE President Mohamed bin Zayed al Nahyan, put on a brave face. The evening prior, P… [+32782 chars]",The New York Review of Books,Colin Powers,https://www.nybooks.com/online/2026/04/10/the-emirates-on-the-tightrope/,2026-04-10T15:27:39Z,https://www.nybooks.com/wp-content/uploads/2026/04/Powers202604_6.jpeg,Sudan war,2026-04-14T08:34:55.466034
Sudan: 14 million displaced; hunger and attacks on health continue as war enters fourth year,"As Sudan approaches the third anniversary of a brutal civil war, millions remain displaced and hungry while the health system lies in ruins, with no end to the violence in sight, UN agencies said on Friday.","Speaking from Khartoum, the representative of the UN Refugee Agency, UNHCR, in the country Marie-Helene Verney told reporters that since the start of the conflict between the Sudanese Armed Forces (S… [+3124 chars]",UN News,Un News,https://news.un.org/en/story/2026/04/1167281,2026-04-10T14:51:42Z,https://global.unitednations.entermediadb.net/assets/mediadb/services/module/asset/downloads/preset/Collections/Production%20Library/06-02-2026-UNIFEED-Sudan-Abu-Al-Naja-05.jpg/image770x420cropped.jpg,Sudan war,2026-04-14T08:34:55.466036
Drone strike on wedding kills dozens in Sudan,"A drone strike on a wedding in Sudan’s North Darfur state has left at least 30 civilians dead, including women and children, according to the UN","At least 30 civilians, including women and children, were killed when a drone strike hit a wedding ceremony in a town in Sudan’s North Darfur state, the UN has said.
UN spokesman Stephane Dujarric c… [+2941 chars]",RT,RT,https://www.rt.com/africa/637961-drone-strike-wedding-kills-civilians-sudan-darfur/,2026-04-10T12:58:49Z,https://mf.b37mrtl.ru/files/2026.04/article/69d8f07385f54071f86be4b3.jpg,Sudan war,2026-04-14T08:34:55.466038
"Three years on, war-weary Sudanese remain on the move","This is a summary of what was said by UNHCR Representative in Sudan, Marie-Helene Verney - to whom quoted text may be attributed - at today's press briefing at the Palais des Nations in Geneva.","UNHCR - United Nations High Commissioner for Refugees
Briefing notes
This is a summary of what was said by UNHCR Representative in Sudan, Marie-Helene Verney - to whom quoted text may be attributed… [+4111 chars]",Globalsecurity.org,John Pike,https://www.globalsecurity.org/military/library/news/2026/04/mil-260410-unhcr01.htm,2026-04-10T12:00:00Z,,Sudan war,2026-04-14T08:34:55.466040
Sudan: 14 million displaced; hunger and attacks on health continue as war enters fourth year,"As Sudan approaches the third anniversary of a brutal civil war, millions remain displaced and hungry while the health system lies in ruins, with no end to the violence in sight, UN agencies said on Friday.","10 April 2026 - As Sudan approaches the third anniversary of a brutal civil war, millions remain displaced and hungry while the health system lies in ruins, with no end to the violence in sight, UN a… [+3481 chars]",Globalsecurity.org,John Pike,https://www.globalsecurity.org/military/library/news/2026/04/mil-260410-unnews02.htm,2026-04-10T12:00:00Z,,Sudan war,2026-04-14T08:34:55.466066
Israel PM Benjamin Netanyahu formally appoints new Mossad chief,"Israeli Prime Minister Benjamin Netanyahu on Sunday formally appointed a new chief of the country's foreign intelligence agency, the Mossad. Netanyahu had selected Gofman for the position in December, with the appointment receiving formal approval on Sunday.","Israeli Prime Minister Benjamin Netanyahu on Sunday formally appointed a new chief of the country's foreign intelligence agency, the Mossad.Major General Roman Gofman, an army officer with no prior i… [+1814 chars]",The Times of India,AFP,https://economictimes.indiatimes.com/news/defence/israel-pm-benjamin-netanyahu-formally-appoints-new-mossad-chief/articleshow/130222731.cms,2026-04-13T01:25:44Z,"https://img.etimg.com/thumb/msid-130222755,width-1200,height-630,imgsize-46930,overlay-etdefence/articleshow.jpg",Israel Hamas,2026-04-14T08:34:56.835513
US military says it will blockade Iranian ports starting Monday after ceasefire talks ended without agreement,U.S. President Donald Trump on Sunday said the U.S. Navy would begin a blockade of ships linked to Iranian ports in the Strait of Hormuz after ceasefire talks with Iran in Pakistan failed. The U.S. Central Command said the blockade would start Monday but stil…,"President Donald Trump on Sunday said the U.S. Navy would swiftly begin a blockade of ships entering or leaving the strategic Strait of Hormuz, after U.S.-Iran ceasefire talks in Pakistan ended witho… [+6720 chars]",The Times of India,AP,https://economictimes.indiatimes.com/industry/energy/oil-gas/us-military-says-it-will-blockade-iranian-ports-starting-monday-after-ceasefire-talks-ended-without-agreement/articleshow/130222532.cms,2026-04-13T00:47:49Z,"https://img.etimg.com/thumb/msid-130222539,width-1200,height-630,imgsize-60606,overlay-economictimes/articleshow.jpg",Israel Hamas,2026-04-14T08:34:56.835516
"Netanyahu says that Israel's campaign in Iran is 'not over yet' ""Iran wanted to eliminate us. Now it is fighting to survive""","“The Iranian regime is begging for a ceasefire; there are internal conflicts among the leadership there,"" he said. Prime Minister Benjamin Netanyahu said on Saturday evening that there was “still more to do” in Iran as US and Iranian negotiators met in Islama…","The Iranian regime is begging for a ceasefire; there are internal conflicts among the leadership there,"" he said. Prime Minister Benjamin Netanyahu said on Saturday evening that there was still more … [+20154 chars]",Freerepublic.com,JPost,https://freerepublic.com/focus/f-news/4374662/posts,2026-04-12T22:53:45Z,,Israel Hamas,2026-04-14T08:34:56.835517
AIPAC may be a new litmus test for Democratic candidates. Leaders say voters' heads are elsewhere.,"NEW ORLEANS — In rapid succession on Friday, three people stood from seats to disrupt a Democratic National Committee meeting, protesting U.S. funding of Israel and chiding the chair for breaking a promise of transparency.“Why you afraid of AIPAC?” one woman …","NEW ORLEANS In rapid succession on Friday, three people stood from seats to disrupt a Democratic National Committee meeting, protesting U.S. funding of Israel and chiding the chair for breaking a pro… [+8425 chars]",NBC News,Natasha Korecki,https://www.nbcnews.com/politics/politics-news/aipac-may-new-litmus-test-democratic-candidates-leaders-say-voters-hea-rcna267419,2026-04-12T21:24:57Z,"https://media-cldnry.s-nbcnews.com/image/upload/t_nbcnews-fp-1200-630,f_auto,q_auto:best/rockcms/2024-08/240819-dnc-chicago-protest-ew-535p-4d2988.jpg",Israel Hamas,2026-04-14T08:34:56.835519
Harvard and Columbia's deep-rooted Jewish Problem,"Harvard's ""deliberate indifference"" to campus antisemitism began long before October 7, 2023 and shows no signs of being corrected, while for the entire 21st century, Columbia University has been ground zero of academia's anti-Israel problem. Opinion.","I. Harvard University
The Trump administration announced on March 20 that it is suing Harvard University for failing to curb its rampant antisemitism. In a 44-page complaint, the DOJ's Civil Rights … [+19318 chars]",Israelnationalnews.com,A.J. Caschetta,https://www.israelnationalnews.com/news/425382,2026-04-12T21:23:40Z,https://2.a7.org/files/pictures/000/1214883.jpg,Israel Hamas,2026-04-14T08:34:56.835520
Trump threatens Strait of Hormuz blockade after ceasefire talks end without agreement,"President Donald Trump on Sunday said the U.S. Navy would “immediately” begin a blockade of ships entering or leaving the Strait of Hormuz, after U.S.-Iran ceasefire talks in Pakistan ended without an agreement or next diplomatic steps in sight. In his first …","President Donald Trump on Sunday said the U.S. Navy would immediately begin a blockade of ships entering or leaving the Strait of Hormuz, after U.S.-Iran ceasefire talks in Pakistan ended without an … [+6273 chars]",Japan Today,,https://japantoday.com/category/world/Trump-threatens-Strait-of-Hormuz-blockade,2026-04-12T21:19:36Z,,Israel Hamas,2026-04-14T08:34:56.835522
Hasan Piker Brands Republican Party ‘Biggest Terrorist’ Group on Earth,"Streamer Hasan Piker branded the Republican Party the ""biggest terrorist"" organization on the planet in an interview with Pod Save America's Jon Favreau
The post Hasan Piker Brands Republican Party ‘Biggest Terrorist’ Group on Earth first appeared on Mediaite.",Popular socialist streamer Hasan Piker branded the Republican Party the “biggest terrorist” organization on the planet in an interview with Pod Save America co-host and former Barack Obama speechwrit… [+2479 chars],Mediaite,Sean James,https://www.mediaite.com/media/hasan-piker-brands-republican-party-biggest-terrorist-group-on-earth/,2026-04-12T19:04:45Z,https://www.mediaite.com/wp-content/uploads/2026/04/FavPiker-scaled.jpg,Israel Hamas,2026-04-14T08:34:56.835524
Anti-Defamation League flunks Mamdani’s 100 day tenure over antisemitism: ‘Serious cause for concern’,A leading national civil rights group combating antisemitism flunked Mayor Zohran Mamdani's actions -- or lack thereof -- in fighting Jew hatred during his first 100 days in office.,"A leading national civil rights group combating antisemitism flunked Mayor Zohran Mamdani’s actions — or lack thereof — in fighting Jew hatred during his first 100 days in office.
The Anti-Defamatio… [+5883 chars]",New York Post,Carl Campanile,https://nypost.com/2026/04/12/us-news/anti-defamation-league-flunks-mamdanis-100-day-tenure-over-antisemitism/,2026-04-12T17:24:06Z,https://nypost.com/wp-content/uploads/sites/2/2026/04/crop-39064529_b916e0.jpg?quality=75&strip=all&w=1200,Israel Hamas,2026-04-14T08:34:56.835528
"Transcript: Israeli Ambassador Michael Leiter on ""Face the Nation with Margaret Brennan""","The following is the transcript of the interview with Israeli Ambassador to the U.S. Michael Leiter that aired on ""Face the Nation with Margaret Brennan"" on April 12, 2026.","The following is the transcript of the interview with Israeli Ambassador to the U.S. Michael Leiter that aired on ""Face the Nation with Margaret Brennan"" on April 12, 2026.
MARGARET BRENNAN: We are … [+12023 chars]",CBS News,,https://www.cbsnews.com/news/michael-leiter-transcript-face-the-nation-04-12-2026/,2026-04-12T17:10:00Z,https://assets3.cbsnewsstatic.com/hub/i/r/2026/04/12/26c46bc5-7c93-4e20-b23b-09e76ae2e4f6/thumbnail/1200x630g2/ea2e03b4564eb458bc4a85b09797a791/leiter1.jpg,Israel Hamas,2026-04-14T08:34:56.835530
Terrorist who abducted Hersh Goldberg-Polin eliminated,"The IDF and the ISA eliminated a terrorist cell that posed a threat to IDF troops in the central Gaza Strip: Among those eliminated, a terrorist who took part in the abduction of Hersh Goldberg-Polin, Alon Ohel, Eliya Cohen, and Or Levy from a bomb shelter in…","Yesterday (Saturday), IDF troops under the Southern Command, together with the ISA, eliminated an armed Hamas terrorist cell that approached the Yellow Line and planned to carry out an imminent terro… [+988 chars]",Israelnationalnews.com,Israel National News,https://www.israelnationalnews.com/news/425373,2026-04-12T16:36:26Z,https://2.a7.org/files/pictures/000/1214875.jpg,Israel Hamas,2026-04-14T08:34:56.835532
Trump says U.S. Navy will blockade Strait of Hormuz after ceasefire talks end without agreement,"President Donald Trump on Sunday said the U.S. Navy would swiftly begin a blockade of ships entering or leaving the Strait of Hormuz, after U.S.-Iran ceasefire talks in Pakistan ended without an agreement.","ISLAMABAD (AP) President Donald Trump on Sunday said the U.S. Navy would swiftly begin a blockade of ships entering or leaving the Strait of Hormuz, after U.S.-Iran ceasefire talks in Pakistan ended … [+7141 chars]",PBS,"Munir Ahmed, Associated Press, Josh Boak, Associated Press, Sam Metz, Associated Press, Samy Magdy, Associated Press",https://www.pbs.org/newshour/world/trump-says-u-s-navy-will-blockade-strait-of-hormuz-after-ceasefire-talks-end-without-agreement,2026-04-12T15:56:15Z,https://d3i6fh83elv35t.cloudfront.net/static/2026/03/Oil-1024x683.jpg,Israel Hamas,2026-04-14T08:34:56.835533
Doctors Without Borders again accused of antisemitism,For a long time the otherwise admirable organization Doctors Without Borders (also known as “MSF” for its French name Médecins Sans Frontières) has been accused of antisemitism.  The accusations have been credible enough to make me curb my donations to the gr…,For a long time the otherwise admirable organization Doctors Without Borders (also known as “MSF” for its French name Médecins Sans Frontières) has been accused of antisemitism.  The accusations have… [+7694 chars],Whyevolutionistrue.com,whyevolutionistrue,https://whyevolutionistrue.com/2026/04/12/doctors-without-borders-again-accused-of-antisemitism/,2026-04-12T15:15:58Z,https://whyevolutionistrue.com/wp-content/uploads/2026/04/Screen-Shot-2026-04-11-at-9.52.45-AM.png,Israel Hamas,2026-04-14T08:34:56.835535
Hungary’s New Leader Calls for Sweeping Change After Orban,"Peter Magyar, Hungary’s next prime minister, outlined sweeping changes after ending Viktor Orban’s 16-year rule in a landslide election victory that will redefine the country’s ties with the European Union, Russia and the US administration of President Donald…","(Bloomberg) Peter Magyar, Hungarys next prime minister, outlined sweeping changes after ending Viktor Orbans 16-year rule in a landslide election victory that will redefine the countrys ties with the… [+4960 chars]",Financial Post,Bloomberg News,https://financialpost.com/pmn/business-pmn/hungarys-new-leader-calls-for-sweeping-change-after-orban,2026-04-12T22:40:31Z,https://smartcdn.gprod.postmedia.digital/financialpost/wp-content/uploads/2026/04/hungarys-opposition-on-track-for-supermajority-tisza-party-.jpg,Russia Ukraine,2026-04-14T08:34:57.196721
Hungary votes out prime minister Viktor Orbán after 16 years in power,"Hungary's Viktor Orban, who conceded defeat to his rival in parliamentary elections on Sunday, was for 16 years a dominant and divisive figure who constantly tweaked his country's political system during his time in power.
The post Hungary votes out prime min…","Hungary’s Prime Minister Viktor Orban salutes to supporters at the Balna centre in Budapest during a general election in Hungary, on April 12, 2026. Hungary’s nationalist Prime Minister Viktor Orban … [+5260 chars]",Vanguard,efosataiwo@vanguardngr.com,https://www.vanguardngr.com/2026/04/hungary-votes-out-prime-minister-viktor-orban-after-16-years-in-power/,2026-04-12T22:28:18Z,https://cdn.vanguardngr.com/wp-content/uploads/2026/04/AFP__20260412__A7JZ43W__v4__MidRes__HungaryPoliticsVote.jpg,Russia Ukraine,2026-04-14T08:34:57.196724
Magyar beats Orban in battle for Hungary: What happens now?,"Peter Magyar’s landslide win over Viktor Orban makes a turning point for Hungary’s relations with the EU, Russia, and Ukraine Read Full Article at RT.com","Hungarian opposition leader Peter Magyar has pulled off a stunning victory, with his Tisza party beating Prime Minister Viktor Orban’s FIdesz by more than 16 points. The result is set to dramatically… [+5055 chars]",RT,RT,https://www.rt.com/news/638268-magyar-beats-orban-hungary/,2026-04-12T22:22:52Z,https://mf.b37mrtl.ru/files/2026.04/article/69dc182f85f540717a41ff80.jpg,Russia Ukraine,2026-04-14T08:34:57.196726
'Hungary Has Chosen Europe' as Voters End 16 Straight Years of Orbán's Far-Right Rule,Far-right Hungarian Prime Minister Viktor Orbán on Sunday conceded defeat to conservative European lawmaker Peter Magyar in parliamentary elections that ended 16 years of increasingly authoritarian Christian nationalist rule amid overt interference from the T…,Far-right Hungarian Prime Minister Viktor Orbán on Sunday conceded defeat to conservative European lawmaker Peter Magyar in parliamentary elections that ended 16 years of increasingly authoritarian C… [+4465 chars],Common Dreams,Brett Wilkins,https://www.commondreams.org/news/2026-hungarian-election,2026-04-12T20:58:59Z,https://www.commondreams.org/media-library/image.jpg?id=65511379&width=1200&height=600&coordinates=0%2C446%2C0%2C447,Russia Ukraine,2026-04-14T08:34:57.196739
Peter Magyar: former govt insider promising system change,"Just a few years ago, Peter Magyar applauded Hungarian Prime Minister Viktor Orban’s speeches from a front row seat before emerging as the nationalist leader’s most serious challenger in his 16 years in power. “They called me the ‘eternal opposition’ within (…","Former government insider Peter Magyar has vowed to dismantle rival Viktor Orban's political system - Copyright AFP/File Ferenc ISZA
Just a few years ago, Peter Magyar applauded Hungarian Prime Mini… [+4816 chars]",Digital Journal,AFP,https://www.digitaljournal.com/world/peter-magyar-former-govt-insider-promising-system-change/article,2026-04-12T20:57:20Z,https://www.digitaljournal.com/wp-content/uploads/2026/04/4c746d77f96b717967c779b3ede5f01107383fa2.jpg,Russia Ukraine,2026-04-14T08:34:57.196741
Viktor Orbán concedes defeat as opposition leader heads for potential supermajority win,"Hungarian Prime Minister Viktor Orbán conceded defeat Sunday in the country’s parliamentary election, calling the result ""clear"" and ""painful"" as partial vote counts showed a decisive win for opposition leader Péter Magyar.","Hungarian Prime Minister Viktor Orbán conceded defeat Sunday in the countrys parliamentary election, calling the result ""clear"" and ""painful"" as partial vote counts showed a decisive win for oppositi… [+3804 chars]",Freerepublic.com,Fox News,https://freerepublic.com/focus/f-news/4374652/posts,2026-04-12T20:55:30Z,,Russia Ukraine,2026-04-14T08:34:57.196744
Exit stage right: Hungary’s Orban 16-year rule draws to an end,"Orban's detractors repeatedly accused him of undercutting the independence of the judiciary and academic freedom.
The post Exit stage right: Hungary’s Orban 16-year rule draws to an end appeared first on Digital Journal.","Orban conceded defeat Sunday after dominating Hungary's political scene for more than a decade - Copyright AFP Attila KISBENEDEK
Hungary’s Viktor Orban, who conceded defeat to his rival in parliamen… [+5040 chars]",Digital Journal,AFP,https://www.digitaljournal.com/world/exit-stage-right-hungarys-orban-16-year-rule-draws-to-an-end/article,2026-04-12T20:52:20Z,https://www.digitaljournal.com/wp-content/uploads/2026/04/06932df1d03edc849e5e13d21e92a33776c9ef5f-e1776028770116.jpg,Russia Ukraine,2026-04-14T08:34:57.196746
Fuel protests: Government to raid exchequer surplus for €505m support package,"Coalition denies latest measures a direct response to blockades, but faces further headaches","The Government is to raid the exchequer surplus to pay another half a billion euro in fuel supports after a week of protests and blockades led to severe diesel and petrol shortages.
The 505 million … [+3719 chars]",The Irish Times,"Jack Horgan-Jones, Pat Leahy",https://www.irishtimes.com/politics/2026/04/12/fuel-protests-government-to-raid-exchequer-surplus-for-505m-support-package/,2026-04-12T20:44:50Z,https://www.irishtimes.com/resizer/v2/WE7IKSP3WUSN3KX4MHMGAZF4TE.jpg?smart=true&auth=7bfa424156e0ac2180846b2200e240426317148524e6462e0e0c7a3b1b9366fb&width=1200&height=630,Russia Ukraine,2026-04-14T08:34:57.196750
‘Gate of Tears’ at risk: Iran threatens major new global chokepoint if US moves on Hormuz,Senior Middle East advisor warns Iran could use Houthi proxies to blockade the Bab al-Mandeb strait if the U.S. blocks the Strait of Hormuz.,"Iran could retaliate against a U.S. naval blockade of the Strait of Hormuz by directing its Houthi allies to disrupt another critical global shipping route, a senior Middle East analyst warned Sunday… [+3463 chars]",Fox News,,https://www.foxnews.com/world/gate-tears-risk-iran-threatens-major-new-global-chokepoint-us-moves-hormuz,2026-04-13T00:24:11Z,https://static.foxnews.com/foxnews.com/content/uploads/2026/04/yemeni-soldiers-bab-el-mandeb-strait-yemen-middle-east-fox-news.jpg,Yemen Houthi,2026-04-14T08:34:57.574313
Oil prices surge with gas as US threat to blockade Hormuz escalates Middle East crisis,"Brent crude, the global benchmark for oil, jumped 7.7 per cent to US$102.53 a barrel as at 7.03am Singapore time. Read more at straitstimes.com. Read more at straitstimes.com.","Follow our live coverage here.
NEW YORK Oil and natural gas surged as the United States moved to blockade the Strait of Hormuz after weekend talks between Washington and Tehran failed to yield a pea… [+2753 chars]",The Straits Times,,https://www.straitstimes.com/business/companies-markets/oil-prices-surge-with-gas-as-us-blockade-of-hormuz-escalates-middle-east-crisis,2026-04-12T23:32:15Z,https://cassette.sphdigital.com.sg/image/straitstimes/1b5c79d57733ab707ffb53526c1d9aa5868fcfe7ff7e002826d288dcc229ca8e,Yemen Houthi,2026-04-14T08:34:57.574325
Oil Surges With Gas as US Blockade of Hormuz Escalates Crisis,"Oil and natural gas surged as the US moved to blockade the Strait of Hormuz after weekend talks between Washington and Tehran failed to yield a deal, escalating a global energy crisis that’s rocked markets.","(Bloomberg) Oil and natural gas surged as the US moved to blockade the Strait of Hormuz after weekend talks between Washington and Tehran failed to yield a deal, escalating a global energy crisis tha… [+4776 chars]",Financial Post,Bloomberg News,https://financialpost.com/pmn/business-pmn/oil-surges-with-gas-as-us-blockade-of-hormuz-escalates-crisis,2026-04-12T22:45:25Z,,Yemen Houthi,2026-04-14T08:34:57.574327
"Trump downplays talks for ceasefire deal with Iran, claiming military victory. ‘It doesn’t matter. From the standpoint of America, we win’","“Let’s see what happens – maybe they make a deal maybe they don’t,” the president said.","The United States and Iran began face-to-face negotiations Saturday in Pakistan, days after a fragile, two-week ceasefire was announced.The war that has killed thousands of people and shaken global m… [+15724 chars]",Fortune,The Associated Press,https://fortune.com/2026/04/11/trump-iran-war-ceasefire-talks-deal-military-victory-jd-vance/,2026-04-11T23:15:50Z,"https://fortune.com/img-assets/wp-content/uploads/2026/04/GettyImages-2270387556-e1775948962104.jpg?resize=1200,600",Yemen Houthi,2026-04-14T08:34:57.574328
"Heck Of A Week, JD Vance!",The pest of Budapest!,"Yes, yes, no one wants to think about JD Vance any more than they have to. Including Donald John Trump! Seems he left Vance out of his inner loop on the Armageddon he was mulling in Iran over the wee… [+7193 chars]",Wonkette.com,Marcie Jones,https://www.wonkette.com/p/heck-of-a-week-jd-vance,2026-04-11T15:02:20Z,"https://substackcdn.com/image/fetch/$s_!d9PO!,w_1200,h_675,c_fill,f_jpg,q_auto:good,fl_progressive:steep,g_auto/https%3A%2F%2Fsubstack-post-media.s3.amazonaws.com%2Fpublic%2Fimages%2Facd71c30-e1bb-4f2d-82de-306436972bef_824x448.jpeg",Yemen Houthi,2026-04-14T08:34:57.574329
"After ceasefire, negotiating a lasting deal with Iran would require overcoming regional rivalries and strategic incoherence",President Donald Trump’s rapid and dramatic turn from threatening to kill “an entire civilization” in Iran on the morning of April 7  to announcing a two-week ceasefire later that day left many observers with a sense of whiplash. While it is difficult to pred…,President Donald Trumps rapid and dramatic turn from threatening to kill an entire civilization in Iran on the morning of April 7 to announcing a two-week ceasefire later that day left many observers… [+7481 chars],Japan Today,,https://japantoday.com/category/features/opinions/after-ceasefire-negotiating-a-lasting-deal-with-iran-would-require-overcoming-regional-rivalries-and-strategic-incoherence,2026-04-10T20:44:24Z,,Yemen Houthi,2026-04-14T08:34:57.574331
Djibouti votes as long-time leader seeks sixth presidential term,"Politicians scrapped the presidential age limit last year, allowing Ismail Omar Guelleh to run yet again.","Voters in Djibouti are heading to the polls to choose their next president, with incumbent leader Ismail Omar Guelleh expected to easily secure a sixth term after politicians last year scrapped presi… [+2725 chars]",Al Jazeera English,Al Jazeera Staff,https://www.aljazeera.com/news/2026/4/10/djibouti-votes-as-long-time-leader-seeks-sixth-presidential-term,2026-04-10T08:32:05Z,https://www.aljazeera.com/wp-content/uploads/2026/04/AFP__20260410__A7CG6TA__v1__HighRes__DjiboutiVote-1775808231.jpg?resize=1920%2C1440,Yemen Houthi,2026-04-14T08:34:57.574332
"After ceasefire, negotiating a lasting deal with Iran would require overcoming regional rivalries and strategic incoherence","A decade of shifting regional alliances, continuous conflict and outside interventions have narrowed the path for diplomacy.","A man walks in the rubble of a damaged Sharif University of Technology in Tehran, Iran, following U.S. and Israeli airstrikes. Shadati/Xinhua via Getty Images
President Donald Trump’s rapid and dram… [+8248 chars]",The Conversation Africa,"Ioana Emy Matesan, Associate Professor of Government, Wesleyan University",https://theconversation.com/after-ceasefire-negotiating-a-lasting-deal-with-iran-would-require-overcoming-regional-rivalries-and-strategic-incoherence-280243,2026-04-09T21:19:40Z,https://images.theconversation.com/files/729029/original/file-20260409-85-w27fdc.jpg?ixlib=rb-4.1.0&rect=0%2C248%2C5184%2C2592&q=45&auto=format&w=1356&h=668&fit=crop,Yemen Houthi,2026-04-14T08:34:57.574334
The Man Who Shaped Washington’s View of the Middle East,Brett McGurk advised four presidents on a contested region—but to what end?,"When talk show host Stephen Colbert was looking for someone to explain the U.S. war with Iran to his Late Show audience in early March, he turned to Brett McGurk, who had served as a key Middle East … [+37640 chars]",Foreign Policy,Dion Nissenbaum,http://foreignpolicy.com/2026/04/09/brett-mcgurk-middle-east-israel-gaza-iran/,2026-04-09T17:00:18Z,https://foreignpolicy.com/wp-content/uploads/2026/04/1-Brett-McGurk-Middle-east-policy-portrait-joan-wong-illustration-vertical-v2.jpg,Yemen Houthi,2026-04-14T08:34:57.574336
Nonstop missile barrages on northern Israel,"Hezbollah continues launching missiles towards northern Israel, while accusing Israel of 'violating' ceasefire, Houthi rebel group promises to respond with 'unprecedented force.'","The Hezbollah terror group has continued raining missiles on northern Israel, and specifically the Galilee Panhandle, throughout Wednesday night and Thursday.
Most of the missiles were intercepted, … [+2603 chars]",Israelnationalnews.com,Israel National News,https://www.israelnationalnews.com/news/425244,2026-04-09T12:24:00Z,https://2.a7.org/files/pictures/000/1167767.jpg,Yemen Houthi,2026-04-14T08:34:57.574337
Crypto payments to pass Strait of Hormuz is the next logical step for Iran’s sanctions-skirting trade network,"The Iranian regime has been increasingly using cryptocurrency over the last few years to facilitate cross border oil trading, according to data from Chainalysis.",Its no surprise that Iran is now accepting cryptocurrency payments from cargo ships passing through the Strait of Hormuz. Experts in blockchain criminality say this move fits perfectly with Tehrans e… [+4978 chars],CoinDesk,Ian Allison,https://www.coindesk.com/policy/2026/04/09/crypto-payments-to-pass-strait-of-hormuz-is-the-next-logical-step-for-iran-s-sanctions-skirting-trade-network,2026-04-09T08:32:18Z,https://cdn.sanity.io/images/s3y3vcno/production/ccb0a7f8972de23193d198e8aacaf34f5df00b00-1920x1440.jpg?auto=format&w=960&h=540&crop=focalpoint&fit=clip&q=75&fm=jpg,Yemen Houthi,2026-04-14T08:34:57.574338
DAVID BLACKMON: World Needs Alternative To Hormuz Status Quo,While President Donald Trump and his White House team focus on ways to force the reopening of the Strait of Hormuz to ease the global supply crunch for oil and,"While President Donald Trump and his White House team focus on ways to force the reopening of the Strait of Hormuz to ease the global supply crunch for oil and an array of other key commodities, othe… [+5408 chars]",The Daily Caller,David Blackmon,https://dailycaller.com/2026/04/09/opinion-world-needs-alternative-to-hormuz-status-quo-david-blackmon/,2026-04-09T05:10:47Z,"https://images.dailycaller.com/image/width=1280,height=549,fit=cover,format=webp,f=auto/https://cdn01.dailycaller.com/wp-content/uploads/2026/03/GettyImages-2262963551-scaled-e1772466511471.jpg",Yemen Houthi,2026-04-14T08:34:57.574340
"Over 1,000 Aid Workers Killed In Last 3 Years, U.N. Says",That's nearly triple the death count in the previous three years.,"UNITED NATIONS (AP) More than 1,000 humanitarian workers have been killed across the globe in the past three years, nearly triple the death count in the previous three years, the U.N. said Wednesday.… [+2557 chars]",HuffPost,HuffPost,https://www.huffpost.com/entry/ap-un-united-nations-humanitarian-workers_n_69d6ed07e4b048dba44b2a7b,2026-04-09T00:14:22Z,https://img.huffingtonpost.com/asset/69d6ed0a1400009ada86d9f6.jpeg?ops=1200_630,Yemen Houthi,2026-04-14T08:34:57.574341
A Stillborn Ceasefire,"This post A Stillborn Ceasefire appeared first on Daily Reckoning.
And markets were so excited...
The post A Stillborn Ceasefire appeared first on Daily Reckoning.","The fragile truce reached last night is already dead.
The first big strike after the ceasefire hit Irans Lavan Island oil refinery, which was damaged this morning.
Lavan Oil Refinery in Iran – Sour… [+5146 chars]",Dailyreckoning.com,Adam Sharp,https://dailyreckoning.com/a-stillborn-ceasefire/,2026-04-08T22:00:24Z,https://dailyreckoning.com/wp-content/uploads/2026/04/dr-hero-img-04-08-26.jpg,Yemen Houthi,2026-04-14T08:34:57.574342
‘Why my child?’: Yemen’s Taiz mourns sniper’s killing of teen,Yemeni child killed by suspected Houthi sniper while heading to school in Taiz sparks grief and outrage among locals.,"Taiz, Yemen Why did they kill my child, my source of strength? Umm Ibrahim asked as she sat in the home of a relative, mourning the loss of her 14-year-old son, Ibrahim.
The child was killed on his … [+4709 chars]",Al Jazeera English,AbdulHakim Helal,https://www.aljazeera.com/news/2026/4/8/why-my-child-yemens-taiz-mourns-snipers-killing-of-teen,2026-04-08T17:34:45Z,https://www.aljazeera.com/wp-content/uploads/2026/04/image004-1775663930.jpg?resize=1200%2C630,Yemen Houthi,2026-04-14T08:34:57.574344
FO Live: When Will the Houthis Join the War to Support Iran?,"Fair Observer’s Video Producer Rohan Khattar Singh moderates an FO Live discussion on the US–Israel war with Iran. He is joined by Fernando Carvajal, executive director of The American Center for South Yemen Studies; Eric Jeunot, a professor at Abu Dhabi Univ…","Fair Observers Video Producer Rohan Khattar Singh moderates an FO Live discussion on the USIsrael war with Iran. He is joined by Fernando Carvajal, executive director of The American Center for South… [+5257 chars]",Fair Observer,Fernando Carvajal,https://www.fairobserver.com/world-news/middle-east-news/fo-live-when-will-the-houthis-join-the-war-to-support-iran/,2026-04-08T13:58:10Z,https://www.fairobserver.com/wp-content/uploads/2026/04/When-Will-the-Houthis-Join-the-War-to-Support-Iran-Fair-Observer.jpeg,Yemen Houthi,2026-04-14T08:34:57.574345
"Pakistan, Turkey, Egypt and Saudi Arabia emerge as a new regional power bloc amid Iran war",Pakistan played a leading role in negotiating the ceasefire in Iran.,"Pakistan’s prime minister, Shehbaz Sharif, announced that a two-week ceasefire had been agreed between the US and Iran in the early hours of April 8. Delegates from both sides are expected to attend … [+5640 chars]",The Conversation Africa,"Natasha Lindstaedt, Professor in the Department of Government, University of Essex",https://theconversation.com/pakistan-turkey-egypt-and-saudi-arabia-emerge-as-a-new-regional-power-bloc-amid-iran-war-279782,2026-04-08T13:31:46Z,https://images.theconversation.com/files/727886/original/file-20260402-57-5pips4.jpg?ixlib=rb-4.1.0&rect=0%2C422%2C2560%2C1280&q=45&auto=format&w=1356&h=668&fit=crop,Yemen Houthi,2026-04-14T08:34:57.574346
‘Our geography is our oil’: Why Djibouti hosts many foreign military bases,"Just miles from one another, along Djibouti's coast, sit military bases of rival powers including the US and China.","Djibouti is a country of fewer than a million people with no significant natural resources.
It also hosts the densest cluster of foreign military bases in the world, with bases from the United State… [+9736 chars]",Al Jazeera English,Faisal Ali,https://www.aljazeera.com/news/2026/4/8/our-geography-is-our-oil-why-djibouti-hosts-many-foreign-military-bases,2026-04-08T08:09:10Z,https://www.aljazeera.com/wp-content/uploads/2026/04/getty_69d5057934-1775568249.jpg?resize=1920%2C1440,Yemen Houthi,2026-04-14T08:34:57.574348
"Iran, UAE set to come face to face at BRICS India meet","India hosts a crucial BRICS meeting under its presidency. Senior officials from the UAE and Iran will meet for the first time since the West Asian conflict. The agenda covers regional issues, with particular attention on the current situation and its impact o…","New Delhi: India, under its BRICS presidency, will host a meeting of senior officials of the group that will bring the UAE and Iran face to face for the first time since the West Asian conflict.While… [+2407 chars]",The Times of India,Dipanjan Roy Chaudhury,https://economictimes.indiatimes.com/news/india/iran-uae-set-to-come-face-to-face-at-brics-india-meet/articleshow/130217594.cms,2026-04-12T18:32:44Z,"https://img.etimg.com/thumb/msid-130217740,width-1200,height-630,imgsize-122250,overlay-economictimes/articleshow.jpg",Syria conflict,2026-04-14T08:34:57.927853
'Strengthens Trump and Bibi' | Thomas Friedman's Iran dilemma,"NYT columnist says that while he supports the downfall of the Iranian regime, he would not want to see it politically strengthen the leaders of the US and Israel, who he called 'terrible, terrible people.'","Long-time Jewish New York Times columnist Thomas Friedman spoke on Saturday with CNN about the ongoing war between Iran and the US and Israel, and shared his moral dilemma regarding the conflict.
In… [+1742 chars]",Israelnationalnews.com,Yitz Goldberg,https://www.israelnationalnews.com/news/425357,2026-04-12T11:03:22Z,https://2.a7.org/files/pictures/000/1111854.jpg,Syria conflict,2026-04-14T08:34:57.927855
A Hezbollah commander describes battling Israel in Lebanon,"In a rare interview, a wounded Hezbollah commander tells NPR about his secretive Shia Muslim militia's new command structure and how it has managed to keep firing rockets into northern Israel.","BEIRUT, Lebanon It was too dangerous to meet in person.
Israel has been hunting him and his comrades, picking them off by airstrike and drone, in surprise attacks that often kill civilians alongside… [+6767 chars]",NPR,Lauren Frayer,https://www.npr.org/2026/04/12/g-s1-117045/hezbollah-commander-lebanon-israel,2026-04-12T10:02:00Z,https://npr.brightspotcdn.com/dims3/default/strip/false/crop/4000x2250+0+208/resize/1400/quality/85/format/jpeg/?url=http%3A%2F%2Fnpr-brightspot.s3.amazonaws.com%2F71%2F4d%2F0f7ba9a84828baa07d0e3bcecc82%2Fgettyimages-2269887850.jpg,Syria conflict,2026-04-14T08:34:57.927856
The ideological parallels between ISIS and the IRGC,"Both 'embody militant forms of political Islam that fuse religion, state power, and revolutionary mission'","ISIS
At first glance, the militant movement Islamic State of Iraq and Syria (ISIS) and Irans powerful Islamic Revolutionary Guard Corps (IRGC) appear to represent opposite poles of the Islamic world… [+9347 chars]",Wnd.com,RealClearWire,https://www.wnd.com/2026/04/ideological-parallels-between-isis-irgc/,2026-04-11T17:02:50Z,https://www.wnd.com/wp-content/uploads/2024/06/ISIS.jpg,Syria conflict,2026-04-14T08:34:57.927861
Iraqi fundraising drives linked to militias channel support to Iran and Hezbollah,"Efforts described by Iran-backed Iraqi militias as humanitarian campaigns increasingly show signs of serving as a parallel financial pipeline that also fuels Iran’s current war effort and regional proxy network. Across Iraq, groups aligned with Tehran are mob…","An image originally published at the Iranian state-owned outlet Press TV shows Iraqi children holding a cardboard missile containing bank notes. 
Efforts that Iran-backed Iraqi militias describe as … [+8211 chars]",Longwarjournal.org,Ahmad Sharawi,https://www.longwarjournal.org/archives/2026/04/iraqi-fundraising-drives-linked-to-militias-channel-support-to-iran-and-hezbollah.php,2026-04-11T16:29:18Z,https://www.longwarjournal.org/wp-content/uploads/2026/04/Iraqi-children-cardboard-missile-560.jpg,Syria conflict,2026-04-14T08:34:57.927863
A Syrian man buries his wife and 4 children killed in Israeli strikes on Beirut,A Syrian man has buried his wife and four of his five children after Israeli strikes hit Beirut earlier this week,"DEIR EL-ZOUR, Syria -- A Syrian man on Saturday buried his wife and four of his five children, killed in the massive wave of Israeli strikes that pounded Beirut earlier this week, laying them to rest… [+3983 chars]",Abcnews.com,"GHAITH ALSAYED Associated Press, SALLY ABOU ALJOUD Associated Press",https://abcnews.com/International/wireStory/syrian-man-buries-wife-4-children-killed-israeli-131948425,2026-04-11T15:04:02Z,https://i.abcnewsfe.com/a/0060259b-bfff-4b03-8048-15c7037e3773/wirestory_ce86e72d564055a585a2f6ee99bbcbe8_16x9.jpg?w=1600,Syria conflict,2026-04-14T08:34:57.927865
Why US aircraft losses were higher than Israel in Iran war? Air Marshal explains key tactical factors,"Retired Air Marshal Sanjeev Kapoor explained differing aircraft losses between the US and Israel during the Iran conflict. He cited Israel's operational proximity and early air defense suppression as key advantages, while US forces faced stronger resistance a…","The Middle East conflict has been ongoing for 43 days, with peace talks now scheduled in Pakistan. Amid this evolving situation, a key question being discussed is why reported US aircraft losses appe… [+2987 chars]",The Times of India,ET Online,https://economictimes.indiatimes.com/news/defence/why-us-aircraft-losses-were-higher-than-israel-in-iran-war-air-marshal-explains-key-tactical-factors/articleshow/130191410.cms,2026-04-11T12:31:28Z,"https://img.etimg.com/thumb/msid-130191721,width-1200,height-630,imgsize-261142,overlay-etdefence/articleshow.jpg",Syria conflict,2026-04-14T08:34:57.927866
"7,700 strikes rain down: Iran, Lebanon and where are the bombs falling most?","A recent analysis reveals most airstrikes in the Middle East war hit Iran and Lebanon. Over 7,700 strikes were recorded between February 28 and April 8. Iran faced nearly 40 percent of attacks, often targeting its energy infrastructure. Lebanon accounted for …","Paris: Some three-quarters of the airstrikes during the Middle East war targeted sites in Iran or Lebanon, according to an AFP analysis of data from ACLED, a nonprofit that tracks political violence … [+3523 chars]",The Times of India,AFP,https://economictimes.indiatimes.com/news/defence/7700-strikes-rain-down-iran-lebanon-and-where-are-the-bombs-falling-most/articleshow/130188857.cms,2026-04-11T09:48:52Z,"https://img.etimg.com/thumb/msid-130189073,width-1200,height-630,imgsize-409272,overlay-etdefence/articleshow.jpg",Syria conflict,2026-04-14T08:34:57.927877
Where Do the Gulf States Go From Here?,The U.S. war with Iran has shattered their economic model.,"I cut my teeth as a Middle East scholar in places such as Damascus, Syria; Ramallah in the West Bank; Ankara, Turkey; Istanbul, and Cairo. They are cities with rich histories or great political influ… [+6773 chars]",Foreign Policy,Steven A. Cook,http://foreignpolicy.com/2026/04/10/gulf-states-iran-war-united-arab-emirates-saudi-arabia-qatar-strikes-us-israel/,2026-04-10T20:35:14Z,https://foreignpolicy.com/wp-content/uploads/2026/04/Dubai_GettyImages-2267207634.jpg,Syria conflict,2026-04-14T08:34:57.927879
Wars Don’t Work,Trump’s debacle in Iran once again demonstrates that full-blown war is no longer an effective tool for superpowers to get what they want.,"When countries go to war, they do so to achieve specific goals. These war aims can be material or moral, offensive or defensive, self-interested or altruistic, and, in the age of international law, l… [+9674 chars]",New York Magazine,Jonah Shepp,http://nymag.com/intelligencer/article/trump-us-iran-war-why-wars-dont-work-anymore.html,2026-04-10T16:30:49Z,https://pyxis.nymag.com/v1/imgs/216/8f9/60746ffda789985dc4465350874050ff70-iran-destruction.1x.rsocial.w1200.jpg,Syria conflict,2026-04-14T08:34:57.927883
Zelenskyy Welcomes Russian Easter Ceasefire While Pushing Energy Truce and Security Guarantees,"KYIV, Ukraine — Ukrainian President Volodymyr Zelenskyy on Friday welcomed a temporary Easter ceasefire declared by Russian President Vladimir Putin while reiterating his call for a broader halt to strikes on energy infrastructure, as the grinding war entered…","KYIV, Ukraine — Ukrainian President Volodymyr Zelenskyy on Friday welcomed a temporary Easter ceasefire declared by Russian President Vladimir Putin while reiterating his call for a broader halt to s… [+8767 chars]",Ibtimes.com.au,Anthony Will,https://www.ibtimes.com.au/zelenskyy-welcomes-russian-easter-ceasefire-while-pushing-energy-truce-security-guarantees-1866082,2026-04-10T15:01:37Z,https://d.ibtimes.com.au/en/full/1840897/volodymyr-zelenskyy-ukrainian-president.jpg,Syria conflict,2026-04-14T08:34:57.927887
MAG: Don't Call Him the Quiet Pope Anymore...,Catholics didn’t take long to conclude that Pope Leo XIV would be an unassuming leader. In contrast with the voluble,"Catholics didnt take long to conclude that Pope Leo XIV would be an unassuming leader. In contrast with the voluble Pope Francis, who clearly delighted in provoking controversy with off-the-cuff stat… [+5768 chars]",Dnyuz.com,dnyuz,https://dnyuz.com/2026/04/10/the-iran-war-showed-a-new-side-of-pope-leo/,2026-04-10T15:00:12Z,https://dnyuz.com/wp-content/uploads/2026/04/1775832003_original-1024x533.jpg,Syria conflict,2026-04-14T08:34:57.927889
MYANMAR’S POLITICAL LANDSCAPE: No Short Path to a Durable Peace,"Senior General Min Aung Hlaing, the military leader who seized power in 2021, was sworn in as self appointed president at the junta’s Union Parliament in Nay Pyi Taw on April 10. He announced a new government that includes two vice presidents and 30 ministers…","Senior General Min Aung Hlaing, the military leader who seized power in 2021, was sworn in as self appointed president at the juntas Union Parliament in Nay Pyi Taw on April 10.
He announced a new g… [+9917 chars]",Shannews.org,Sai Wansai,https://english.shannews.org/archives/29601,2026-04-11T15:07:18Z,https://english.shannews.org/wp-content/uploads/2026/04/Senior-General-Min-Aung-Hlaing-is-sworn-in-as-the-President-of-Myanmar.jpeg,Myanmar civil war,2026-04-14T08:34:59.242774
"Myanmar's new president sees challenges ahead, eyes ASEAN detente","Myanmar's new President Min Aung Hlaing said on Friday his government has many challenges to overcome and seeks to improve the country's international standing, including normalising ties ‌with Southeast Asian bloc ASEAN after five years in the cold. In his i…","Myanmar's new President Min Aung Hlaing said on Friday his government has many challenges to overcome and seeks to improve the country's international standing, including normalising ties with Southe… [+3086 chars]",Japan Today,,https://japantoday.com/category/world/myanmar%27s-new-president-sees-challenges-ahead-eyes-asean-detente1,2026-04-10T20:48:57Z,,Myanmar civil war,2026-04-14T08:34:59.242785
Myanmar military chief who led 2021 army takeover takes presidency after criticized election,"Min Aung Hlaing, the army chief who ousted Aung San Suu Kyi's civilian government five years ago, has been sworn in as Myanmar's president","BANGKOK -- Min Aung Hlaing, who as Myanmar s military commander had led the Southeast Asian nation with an iron fist since seizing power from Aung San Suu Kyis civilian government in 2021, was sworn … [+3657 chars]",Abcnews.com,GRANT PECK Associated Press,https://abcnews.com/International/wireStory/myanmar-military-chief-led-2021-army-takeover-takes-131908564,2026-04-10T11:36:39Z,https://i.abcnewsfe.com/a/aef95224-bfbb-42d2-9e19-2a172160dbb7/wirestory_fca4366fed164acd0fb86d7f13891bc9_16x9.jpg?w=1600,Myanmar civil war,2026-04-14T08:34:59.242788
"SNLD Chairman Calls for Inclusive Dialogue, Warns War Alone Will Fail","As Myanmar enters another uncertain political transition, questions remain over whether dialogue can still play a role in ending the country’s prolonged conflict. Nang Seng Nom, Burmese Desk Editor at the Shan Herald Agency for News (SHAN), interviewed Sai Ny…","As Myanmar enters another uncertain political transition, questions remain over whether dialogue can still play a role in ending the countrys prolonged conflict.
Nang Seng Nom, Burmese Desk Editor a… [+7262 chars]",Shannews.org,NANG SENG NOM,https://english.shannews.org/archives/29597,2026-04-10T09:50:06Z,https://english.shannews.org/wp-content/uploads/2026/04/Sai-Nyunt-Lwin-left-chairman-of-the-SNLD-and-SHAN-Burmese-Editor-Nang-Seng-Nom.jpeg,Myanmar civil war,2026-04-14T08:34:59.242791
Myanmar New Leader Pledges to Fix Economic Bust in First Speech,Myanmar’s junta chief Min Aung Hlaing pledged in his first speech as President to address the country’s spiraling economic crisis as its people suffer from the Southeast Asian nation’s ongoing civil war.,(Bloomberg) Myanmars junta chief Min Aung Hlaing pledged in his first speech as President to address the countrys spiraling economic crisis as its people suffer from the Southeast Asian nations ongoi… [+3930 chars],Financial Post,Bloomberg News,https://financialpost.com/pmn/business-pmn/myanmar-new-leader-pledges-to-fix-economic-bust-in-first-speech,2026-04-10T07:42:39Z,,Myanmar civil war,2026-04-14T08:34:59.242793
Myanmar’s coup leader Min Aung Hlaing sworn in as president,Min Aung Hlaing seeks to 'enhance' international relations and ties with ASEAN after coup plunged Myanmar into chaos.,"Myanmars coup leader Senior General Min Aung Hlaing has been sworn in as the countrys new president, five years after he ousted an elected government and triggered a civil war.
In his inauguration a… [+2825 chars]",Al Jazeera English,Al Jazeera,https://www.aljazeera.com/news/2026/4/10/myanmars-coup-leader-min-aung-hlaing-sworn-in-as-president,2026-04-10T07:36:09Z,https://www.aljazeera.com/wp-content/uploads/2026/04/AP26100239133592-1775804848.jpg?resize=1920%2C1440,Myanmar civil war,2026-04-14T08:34:59.242799
Myanmar junta chief Min Aung Hlaing sworn in as president,Myanmar's junta chief Min Aung Hlaing has become president. This follows a military coup five years ago. He took power after an election excluded Aung San Suu Kyi's party. The move aims to rebrand military rule. Neighboring countries attended the ceremony. Th…,"Naypyidaw: Myanmar junta chief Min Aung Hlaing was sworn in as president on Friday, continuing his rule from a civilian post five years after snatching power in a military coup.As the nation's armed … [+4280 chars]",The Times of India,AFP,https://economictimes.indiatimes.com/news/international/world-news/myanmar-junta-chief-min-aung-hlaing-sworn-in-as-president/articleshow/130161360.cms,2026-04-10T06:30:04Z,"https://img.etimg.com/thumb/msid-130161458,width-1200,height-630,imgsize-72404,overlay-economictimes/articleshow.jpg",Myanmar civil war,2026-04-14T08:34:59.242801
Myanmar junta chief sworn in as president,"Myanmar junta chief Min Aung Hlaing was sworn in as president on Friday, continuing his rule from a civilian post five years after snatching power in a military coup. As the nation’s armed forces chief, Min Aung Hlaing ousted the elected government of Aung Sa…","Former Myanmar military chief and Myanmar president Min Aung Hlaing arrives at parliament to be sworn in as president - Copyright AFP Sai Aung MAIN
Myanmar junta chief Min Aung Hlaing was sworn in a… [+4347 chars]",Digital Journal,AFP,https://www.digitaljournal.com/world/myanmar-junta-chief-sworn-in-as-president/article,2026-04-10T05:42:20Z,https://www.digitaljournal.com/wp-content/uploads/2026/04/d03ba96dfc4e80ce64fffef1f943904427e2caf7.jpg,Myanmar civil war,2026-04-14T08:34:59.242805
Myanmar junta chief sworn in as president,"NAYPYIDAW: Myanmar junta chief Min Aung Hlaing was sworn in as president on Friday (Apr 10), AFP journalists saw, continuing his rule from a civilian post five years after snatching power in","NAYPYIDAW: Myanmar junta chief Min Aung Hlaing was sworn in as president on Friday (Apr 10), AFP journalists saw, continuing his rule from a civilian post five years after snatching power in a milita… [+1697 chars]",CNA,,https://www.channelnewsasia.com/asia/myanmar-junta-chief-min-aung-hlaing-president-6048496,2026-04-10T05:17:27Z,"https://dam.mediacorp.sg/image/upload/s--EKBo5N1z--/c_crop,h_576,w_1024,x_0,y_11/c_fill,g_auto,h_676,w_1200/fl_relative,g_south_east,l_mediacorp:cna:watermark:2023-11:afp_watermark_14112023,w_0.1/f_auto,q_auto/v1/mediacorp/cna/image/2026/04/10/000_a7c87re.jpg?itok=ugZN-l4B",Myanmar civil war,2026-04-14T08:34:59.242807
Myanmar junta chief sworn in as president,"Myanmar junta chief Min Aung Hlaing becomes president five years after the 2021 military coup, in a move critics call a rebranding of military rule.

Read More: https://punchng.com/myanmar-junta-chief-sworn-in-as-president/","Myanmar junta chief, Min Aung Hlaing, was sworn in as president on Friday, continuing his rule from a civilian post five years after snatching power in a military coup.
As the nation’s armed forces … [+4213 chars]",The Punch,Punch Newspapers,https://punchng.com/myanmar-junta-chief-sworn-in-as-president/,2026-04-10T04:42:01Z,https://cdn.punchng.com/wp-content/uploads/2026/01/25054910/AFP__20260125__93WN7YN__v1__Mockup__MyanmarVote-1200x630.jpg,Myanmar civil war,2026-04-14T08:34:59.242809
Will ASEAN Welcome Myanmar Back Into Its Fold?,The official appointment of coup leader Min Aung Hlaing as president is likely to hasten a shift within the bloc.,"Myanmar officially has a new presidentand unsurprisingly, it is former Senior Gen. Min Aung Hlaing, who has led the countrys military junta since it took power in a coup against the elected governmen… [+8322 chars]",Foreign Policy,Derek Grossman,http://foreignpolicy.com/2026/04/09/myanmar-asean-normalization-president-min-aung-hlaing/,2026-04-09T21:03:22Z,https://foreignpolicy.com/wp-content/uploads/2026/04/myanmar-min-aung-hlaing-GettyImages-2268229527.jpg,Myanmar civil war,2026-04-14T08:34:59.242811
17 compelling winners from the 2026 World Press Photo Contest,"From wildfires in Spain to a polar bear feast in Norway to a wedding amongst floods in the Philippines.
The post 17 compelling winners from the 2026 World Press Photo Contest appeared first on Popular Science.","The 2026 World Press Photo Contest documents our fragility, resiliency, and the best and worst of humanity. More than 3,700 photojournalists and documentary photographers submitted 57,376 photographs… [+14154 chars]",Popular Science,Popular Science Team,http://www.popsci.com/environment/2026-world-press-photo-contest-winners/,2026-04-09T09:00:00Z,https://www.popsci.com/wp-content/uploads/2026/04/050-Europe-STO-Brais-Lorenzo-EFE-Revista-5W-El-Pais.jpg?quality=85&w=1200,Myanmar civil war,2026-04-14T08:34:59.242813
Myanmar's parliament approves cabinet mostly of former generals and holdovers,Myanmar’s parliament has approved a cabinet that largely includes former generals and holdovers from the past military-led government under Min Aung Hlaing,"NAYPYITAW, Myanmar -- Myanmars parliament approved a cabinet Thursday that largely includes former generals and holdovers from the past military-led government under Min Aung Hlaing.
Despite the for… [+1311 chars]",Abcnews.com,The Associated Press,https://abcnews.com/International/wireStory/myanmars-parliament-approves-cabinet-former-generals-holdovers-131868950,2026-04-09T08:51:38Z,https://i.abcnewsfe.com/a/96b39084-3716-4bd3-bffa-34d34e6eb020/wirestory_682ec3787ed50f7a07b5820e6ea7277a_16x9.jpg?w=1600,Myanmar civil war,2026-04-14T08:34:59.242815
Norway's Telenor faces lawsuit for giving junta data from its customers in Myanmar,"A Swedish non-profit has filed a class action lawsuit against Norway's Telenor, accusing it of endangering customers in Myanmar by sharing their data with the junta. The company said it had no real choice. Telenor is facing a class action lawsuit in Norway ov…","Telenor is facing a class action lawsuit in Norway over the actions of its subsidiary in Myanmar. 
The case alleges that Telenor Myanmar passed phone data of more than 1,200 people to the country's … [+4015 chars]",DW (English),Mark Hallam,https://www.dw.com/en/norways-telenor-faces-lawsuit-for-giving-junta-data-from-its-customers-in-myanmar/a-76710104,2026-04-08T15:48:00Z,https://static.dw.com/image/76711576_6.jpg,Myanmar civil war,2026-04-14T08:34:59.242818
Telenor faces lawsuit over claims it exposed Myanmar customers to junta repression,"BANGKOK, April 8 : A Swedish non-profit filed a class action lawsuit against Telenor on Tuesday on behalf of over 1,200 people whose phone data it says the Norwegian telecom's Myanmar subsidiary shared with the country's military junta following a 2021 coup.T…","BANGKOK, April 8 : A Swedish non-profit filed a class action lawsuit against Telenor on Tuesday on behalf of over 1,200 people whose phone data it says the Norwegian telecom's Myanmar subsidiary shar… [+3634 chars]",CNA,,https://www.channelnewsasia.com/business/telenor-faces-lawsuit-over-claims-it-exposed-myanmar-customers-junta-repression-6044071,2026-04-08T12:27:21Z,"https://dam.mediacorp.sg/image/upload/s--SqMCFgdG--/c_fill,g_auto,h_676,w_1200/fl_relative,g_south_east,l_mediacorp:cna:watermark:2024-04:reuters_1,w_0.1/f_auto,q_auto/v1/one-cms/core/2026-04-08T122608Z_2_LYNXMPEM370QX_RTROPTP_3_MYANMAR-TELENOR.JPG?itok=bMJJlkmL",Myanmar civil war,2026-04-14T08:34:59.242820
US refugee policy for white South Africans is part of a century-long effort to keep some English-speaking nations white,"Australia, Canada and the US identified themselves as ‘white men’s countries’ in the early 20th century and coordinated immigration restrictions to keep them that way.","Newly arrived South Africans listen to U.S. Deputy Secretary of State Christopher Landau deliver welcome statements in a hangar near Washington Dulles International Airport on May 12, 2025. Chip Somo… [+8169 chars]",The Conversation Africa,"John Broich, Associate Professor of History, Case Western Reserve University",https://theconversation.com/us-refugee-policy-for-white-south-africans-is-part-of-a-century-long-effort-to-keep-some-english-speaking-nations-white-277171,2026-04-07T13:04:45Z,https://images.theconversation.com/files/728146/original/file-20260406-57-9kizaa.jpg?ixlib=rb-4.1.0&rect=0%2C0%2C5549%2C2774&q=45&auto=format&w=1356&h=668&fit=crop,Myanmar civil war,2026-04-14T08:34:59.242823
Southeast Asia’s Coming Food Crisis,Myanmar will be hit worst.,"Welcome to Foreign Policys Southeast Asia Brief.
The highlights this week: Southeast Asia faces spiking food prices, Myanmars top general becomes president, the Philippines and Vietnam strike deals … [+10244 chars]",Foreign Policy,Joseph Rachman,http://foreignpolicy.com/2026/04/07/southeast-asias-coming-food-crisis/,2026-04-07T05:00:34Z,https://foreignpolicy.com/wp-content/uploads/2026/04/myanmar-field-GettyImages-2206524856.jpg,Myanmar civil war,2026-04-14T08:34:59.242825
Myanmar junta chief elected president — what comes next?,"The head of the Myanmar's junta Min Aung Hlaing has swapped his uniform for the top civilian office, but the move is unlikely to bring peace or even create distance from the authoritarian system imposed by the 2021 coup. Myanmar's new parliament elected Min A…","Myanmar's new parliament elected Min Aung Hlaing as president on April 3, formalizing the junta chief's grip on power under the veneer of civilian rule.   
The 69-year-old general won 429 of 584 vot… [+7883 chars]",DW (English),David Hutt,https://www.dw.com/en/myanmar-junta-chief-elected-president-what-comes-next/a-76679169,2026-04-06T13:49:00Z,https://static.dw.com/image/69929380_6.jpg,Myanmar civil war,2026-04-14T08:34:59.242827
The 24 countries with the longest mandatory military service in the world,Dozens of countries have military conscription in 2026. See which nations have mandatory service that can reach two years or more.,"North Korea has the world's lengthiest service requirements, ranging from 5-13 years.ED JONES/AFP via Getty Images
<ul><li>Twenty-four countries have mandatory military service of up to two years or… [+12667 chars]",Business Insider,James LaForge,https://www.businessinsider.com/countries-longest-military-service-requirements,2026-04-06T13:11:01Z,https://i.insider.com/69c6e177f573a637a7567056?width=1200&format=jpeg,Myanmar civil war,2026-04-14T08:34:59.242829
TUG OF WAR: SCEF Rises to Counter Myanmar Military’s Attempt to Rebrand Rule as Civilian,"The Steering Council for the Emergence of a Federal Democratic Union’s (SCEF) formation marks a decisive escalation in Myanmar’s resistance landscape, uniting heavyweight political and armed opposition groups to expose and dismantle the junta’s bid to cloak m…","The Steering Council for the Emergence of a Federal Democratic Union’s (SCEF) formation marks a decisive escalation in Myanmars resistance landscape, uniting heavyweight political and armed oppositio… [+19202 chars]",Shannews.org,Sai Wansai,https://english.shannews.org/archives/29576,2026-04-06T07:06:45Z,https://english.shannews.org/wp-content/uploads/2026/04/SCEF.jpeg,Myanmar civil war,2026-04-14T08:34:59.242831
